<?xml version="1.0" encoding="UTF-8"?>
<project-private xmlns="http://www.netbeans.org/ns/project-private/1">
    <editor-bookmarks xmlns="http://www.netbeans.org/ns/editor-bookmarks/2" lastBookmarkId="0"/>
    <open-files xmlns="http://www.netbeans.org/ns/projectui-open-files/2">
        <group>
            <file>file:/C:/Users/light/OneDrive/Documents/NetBeansProjects/TutLibraryProject/src/java/tut/control/ReturnBookSession.java</file>
            <file>file:/C:/Users/light/OneDrive/Documents/NetBeansProjects/TutLibraryProject/web/delete_librarian.jsp</file>
            <file>file:/C:/Users/light/OneDrive/Documents/NetBeansProjects/TutLibraryProject/web/borrow.jsp</file>
            <file>file:/C:/Users/light/OneDrive/Documents/NetBeansProjects/TutLibraryProject/web/student_dashboard.jsp</file>
            <file>file:/C:/Users/light/OneDrive/Documents/NetBeansProjects/TutLibraryProject/web/delete.jsp</file>
            <file>file:/C:/Users/light/OneDrive/Documents/NetBeansProjects/TutLibraryProject/web/update_author.jsp</file>
            <file>file:/C:/Users/light/OneDrive/Documents/NetBeansProjects/TutLibraryProject/web/add_author_outcome.jsp</file>
            <file>file:/C:/Users/light/OneDrive/Documents/NetBeansProjects/TutLibraryProject/web/login_student.jsp</file>
            <file>file:/C:/Users/light/OneDrive/Documents/NetBeansProjects/TutLibraryProject/web/librarian_dashboard.jsp</file>
            <file>file:/C:/Users/light/OneDrive/Documents/NetBeansProjects/TutLibraryProject/web/get_author.jsp</file>
            <file>file:/C:/Users/light/OneDrive/Documents/NetBeansProjects/TutLibraryProject/web/update_librarian.jsp</file>
            <file>file:/C:/Users/light/OneDrive/Documents/NetBeansProjects/TutLibraryProject/src/java/tut/control/StudentServ.java</file>
            <file>file:/C:/Users/light/OneDrive/Documents/NetBeansProjects/TutLibraryProject/web/add_outcome.jsp</file>
            <file>file:/C:/Users/light/OneDrive/Documents/NetBeansProjects/TutLibraryProject/web/update_student.jsp</file>
            <file>file:/C:/Users/light/OneDrive/Documents/NetBeansProjects/TutLibraryProject/src/java/tut/control/BorrowBookServlet.java</file>
            <file>file:/C:/Users/light/OneDrive/Documents/NetBeansProjects/TutLibraryProject/web/delete_librarian_outcome.jsp</file>
            <file>file:/C:/Users/light/OneDrive/Documents/NetBeansProjects/TutLibraryProject/web/author_dashboard.jsp</file>
            <file>file:/C:/Users/light/OneDrive/Documents/NetBeansProjects/TutLibraryProject/web/delete_student_outcome.jsp</file>
            <file>file:/C:/Users/light/OneDrive/Documents/NetBeansProjects/TutLibraryProject/nbproject/build-impl.xml</file>
            <file>file:/C:/Users/light/OneDrive/Documents/NetBeansProjects/TutLibraryProject/web/add_librarian.jsp</file>
            <file>file:/C:/Users/light/OneDrive/Documents/NetBeansProjects/TutLibraryProject/web/get_librarian.jsp</file>
            <file>file:/C:/Users/light/OneDrive/Documents/NetBeansProjects/TutLibraryProject/web/update_student_outcome.jsp</file>
            <file>file:/C:/Users/light/OneDrive/Documents/NetBeansProjects/TutLibraryProject/web/index.html</file>
            <file>file:/C:/Users/light/OneDrive/Documents/NetBeansProjects/TutLibraryProject/web/delete_author.jsp</file>
            <file>file:/C:/Users/light/OneDrive/Documents/NetBeansProjects/TutLibraryProject/web/get_student.jsp</file>
            <file>file:/C:/Users/light/OneDrive/Documents/NetBeansProjects/TutLibraryProject/web/home.jsp</file>
            <file>file:/C:/Users/light/OneDrive/Documents/NetBeansProjects/TutLibraryProject/web/add_author.jsp</file>
            <file>file:/C:/Users/light/OneDrive/Documents/NetBeansProjects/TutLibraryProject/web/login_librarian.jsp</file>
            <file>file:/C:/Users/light/OneDrive/Documents/NetBeansProjects/TutLibraryProject/web/add_student.jsp</file>
            <file>file:/C:/Users/light/OneDrive/Documents/NetBeansProjects/TutLibraryProject/src/java/tut/control/DeleteLibrarian.java</file>
            <file>file:/C:/Users/light/OneDrive/Documents/NetBeansProjects/TutLibraryProject/web/get_author_outcome.jsp</file>
            <file>file:/C:/Users/light/OneDrive/Documents/NetBeansProjects/TutLibraryProject/web/WEB-INF/web.xml</file>
            <file>file:/C:/Users/light/OneDrive/Documents/NetBeansProjects/TutLibraryProject/web/login_error.jsp</file>
            <file>file:/C:/Users/light/OneDrive/Documents/NetBeansProjects/TutLibraryProject/web/get_student_outcome.jsp</file>
            <file>file:/C:/Users/light/OneDrive/Documents/NetBeansProjects/TutLibraryProject/src/java/tut/control/BorrowBookSession.java</file>
            <file>file:/C:/Users/light/OneDrive/Documents/NetBeansProjects/TutLibraryProject/web/return_book.jsp</file>
            <file>file:/C:/Users/light/OneDrive/Documents/NetBeansProjects/TutLibraryProject/web/get_librarian_outcome.jsp</file>
            <file>file:/C:/Users/light/OneDrive/Documents/NetBeansProjects/TutLibraryProject/web/delete_author_outcome.jsp</file>
            <file>file:/C:/Users/light/OneDrive/Documents/NetBeansProjects/TutLibraryProject/web/search_librarian_outcome.jsp</file>
        </group>
    </open-files>
</project-private>
