<?xml version="1.0" encoding="UTF-8"?>
<project-private xmlns="http://www.netbeans.org/ns/project-private/1">
    <editor-bookmarks xmlns="http://www.netbeans.org/ns/editor-bookmarks/2" lastBookmarkId="0"/>
    <open-files xmlns="http://www.netbeans.org/ns/projectui-open-files/2">
        <group>
            <file>file:/C:/Users/light/OneDrive/Documents/NetBeansProjects/OnlineEJB/src/java/ac/za/tut/bl/AdminFacade.java</file>
            <file>file:/C:/Users/light/OneDrive/Documents/NetBeansProjects/OnlineEJB/src/java/ac/za/tut/bl/StudentFacade.java</file>
            <file>file:/C:/Users/light/OneDrive/Documents/NetBeansProjects/OnlineEJB/src/java/ac/za/tut/entities/BorrowRecord.java</file>
            <file>file:/C:/Users/light/OneDrive/Documents/NetBeansProjects/OnlineEJB/src/java/ac/za/tut/bl/BorrowRecordFacadeLocal.java</file>
            <file>file:/C:/Users/light/OneDrive/Documents/NetBeansProjects/OnlineEJB/src/java/ac/za/tut/entities/Book.java</file>
            <file>file:/C:/Users/light/OneDrive/Documents/NetBeansProjects/OnlineEJB/src/java/ac/za/tut/entities/Student.java</file>
            <file>file:/C:/Users/light/OneDrive/Documents/NetBeansProjects/OnlineEJB/src/java/ac/za/tut/bl/BorrowRecordFacade.java</file>
            <file>file:/C:/Users/light/OneDrive/Documents/NetBeansProjects/OnlineEJB/src/java/ac/za/tut/bl/StudentFacadeLocal.java</file>
        </group>
    </open-files>
</project-private>
